Patient_ID,Age,Arrival_Timestamp,Triage_Timestamp,Acuity_Level,Doctor_Seen_Timestamp,Discharge_Timestamp,Disposition
PT-1000,52,2026-05-01 00:39:00,2026-05-01 00:51:00,4,2026-05-01 04:13:00,2026-05-01 05:59:00,Transferred
PT-1001,15,2026-05-01 01:40:00,2026-05-01 01:58:00,3,2026-05-01 02:53:00,2026-05-01 05:10:00,Admitted
PT-1002,72,2026-05-01 02:12:00,2026-05-01 02:29:00,3,2026-05-01 03:24:00,2026-05-01 05:19:00,Discharged Home
PT-1003,61,2026-05-01 07:45:00,2026-05-01 07:52:00,2,2026-05-01 08:16:00,2026-05-01 11:02:00,Admitted
PT-1004,21,2026-05-01 08:42:00,2026-05-01 08:59:00,3,2026-05-01 09:46:00,2026-05-01 14:32:00,Discharged Home
PT-1005,83,2026-05-01 13:20:00,2026-05-01 13:29:00,3,2026-05-01 14:26:00,2026-05-01 18:30:00,Discharged Home
PT-1006,87,2026-05-01 17:31:00,2026-05-01 17:47:00,4,2026-05-01 19:41:00,2026-05-01 21:48:00,Discharged Home
PT-1007,75,2026-05-01 19:20:00,2026-05-01 20:30:00,3,,2026-05-01 21:46:00,LWBS
PT-1008,75,2026-05-02 09:01:00,2026-05-02 09:20:00,4,2026-05-02 10:57:00,2026-05-02 15:52:00,Discharged Home
PT-1009,88,2026-05-02 21:47:00,2026-05-02 22:00:00,2,2026-05-02 22:14:00,2026-05-02 23:39:00,Discharged Home
PT-1010,24,2026-05-03 00:20:00,2026-05-03 00:37:00,4,,2026-05-03 01:28:00,LWBS
PT-1011,3,2026-05-03 05:17:00,2026-05-03 05:27:00,3,2026-05-03 06:51:00,2026-05-03 09:24:00,Discharged Home
PT-1012,22,2026-05-03 15:40:00,2026-05-03 15:53:00,2,2026-05-03 16:05:00,2026-05-03 17:44:00,Discharged Home
PT-1013,53,2026-05-03 16:34:00,2026-05-03 16:44:00,4,2026-05-03 19:19:00,2026-05-03 21:37:00,Admitted
PT-1014,2,2026-05-03 17:57:00,2026-05-03 18:18:00,4,,2026-05-03 19:38:00,LWBS
PT-1015,88,2026-05-03 18:19:00,2026-05-03 18:25:00,4,2026-05-03 21:13:00,2026-05-04 01:05:00,Discharged Home
PT-1016,30,2026-05-03 20:22:00,2026-05-03 20:32:00,4,2026-05-03 23:59:00,2026-05-04 01:18:00,Discharged Home
PT-1017,38,2026-05-03 22:16:00,2026-05-03 22:35:00,3,2026-05-03 23:05:00,2026-05-04 01:08:00,Discharged Home
PT-1018,2,2026-05-04 00:03:00,2026-05-04 00:18:00,2,2026-05-04 00:31:00,2026-05-04 01:33:00,Discharged Home
PT-1019,64,2026-05-04 00:48:00,2026-05-04 01:10:00,2,2026-05-04 01:29:00,2026-05-04 04:46:00,Discharged Home
PT-1020,60,2026-05-04 02:48:00,2026-05-04 03:05:00,5,,2026-05-04 04:11:00,LWBS
PT-1021,21,2026-05-04 05:59:00,2026-05-04 06:12:00,1,2026-05-04 06:16:00,2026-05-04 07:53:00,Discharged Home
PT-1022,33,2026-05-04 11:40:00,2026-05-04 12:01:00,3,2026-05-04 12:35:00,2026-05-04 17:30:00,Admitted
PT-1023,76,2026-05-04 12:19:00,2026-05-04 12:34:00,3,2026-05-04 13:12:00,2026-05-04 17:58:00,Discharged Home
PT-1024,58,2026-05-04 21:16:00,2026-05-04 21:28:00,2,2026-05-04 21:45:00,2026-05-05 02:33:00,Admitted
PT-1025,22,2026-05-05 01:05:00,2026-05-05 01:12:00,3,2026-05-05 02:02:00,2026-05-05 04:24:00,Discharged Home
PT-1026,89,2026-05-05 02:11:00,2026-05-05 02:19:00,4,2026-05-05 05:17:00,2026-05-05 06:56:00,Discharged Home
PT-1027,49,2026-05-05 03:33:00,2026-05-05 03:45:00,3,2026-05-05 04:28:00,2026-05-05 07:32:00,Admitted
PT-1028,59,2026-05-05 08:23:00,2026-05-05 08:42:00,3,2026-05-05 09:44:00,2026-05-05 14:28:00,Discharged Home
PT-1029,42,2026-05-05 11:02:00,2026-05-05 11:08:00,3,2026-05-05 11:51:00,2026-05-05 14:34:00,Discharged Home
PT-1030,60,2026-05-05 11:15:00,2026-05-05 11:38:00,4,,2026-05-05 12:58:00,LWBS
PT-1031,80,2026-05-05 11:48:00,2026-05-05 12:12:00,3,2026-05-05 12:56:00,2026-05-05 14:28:00,Admitted
PT-1032,15,2026-05-05 12:03:00,2026-05-05 12:14:00,3,2026-05-05 13:10:00,2026-05-05 14:47:00,Admitted
PT-1033,62,2026-05-05 14:48:00,2026-05-05 14:57:00,4,,2026-05-05 15:48:00,LWBS
PT-1034,62,2026-05-05 17:27:00,2026-05-05 17:36:00,4,2026-05-05 21:08:00,2026-05-06 00:28:00,Discharged Home
PT-1035,47,2026-05-05 20:22:00,2026-05-05 20:30:00,2,2026-05-05 20:52:00,2026-05-06 00:55:00,Discharged Home
PT-1036,62,2026-05-05 20:36:00,2026-05-05 20:48:00,3,2026-05-05 21:22:00,2026-05-05 23:29:00,Discharged Home
PT-1037,51,2026-05-05 21:56:00,2026-05-05 22:02:00,4,2026-05-06 01:06:00,2026-05-06 02:31:00,Discharged Home
PT-1038,55,2026-05-05 22:08:00,2026-05-05 22:17:00,3,2026-05-05 23:06:00,2026-05-06 01:19:00,Discharged Home
PT-1039,64,2026-05-06 00:04:00,2026-05-06 00:14:00,3,2026-05-06 00:51:00,2026-05-06 03:20:00,Discharged Home
PT-1040,3,2026-05-06 02:59:00,2026-05-06 03:15:00,5,,2026-05-06 04:02:00,LWBS
PT-1041,51,2026-05-07 03:05:00,2026-05-07 03:24:00,4,2026-05-07 06:37:00,2026-05-07 09:16:00,Admitted
PT-1042,7,2026-05-07 03:32:00,2026-05-07 03:41:00,5,,2026-05-07 04:52:00,LWBS
PT-1043,21,2026-05-07 12:52:00,2026-05-07 13:05:00,4,2026-05-07 15:25:00,2026-05-07 19:58:00,Admitted
PT-1044,73,2026-05-07 13:12:00,2026-05-07 13:17:00,5,,2026-05-07 14:12:00,LWBS
PT-1045,39,2026-05-07 13:30:00,2026-05-07 13:35:00,4,,2026-05-07 14:55:00,LWBS
PT-1046,18,2026-05-07 15:25:00,2026-05-07 15:44:00,3,2026-05-07 16:22:00,2026-05-07 20:43:00,Admitted
PT-1047,4,2026-05-08 01:20:00,2026-05-08 01:33:00,4,2026-05-08 03:37:00,2026-05-08 05:51:00,Discharged Home
PT-1048,89,2026-05-08 01:27:00,2026-05-08 01:38:00,5,2026-05-08 04:38:00,2026-05-08 07:25:00,Discharged Home
PT-1049,60,2026-05-08 03:37:00,2026-05-08 03:48:00,5,,2026-05-08 04:46:00,LWBS
PT-1050,14,2026-05-08 03:55:00,2026-05-08 04:17:00,3,2026-05-08 05:07:00,2026-05-08 07:27:00,Discharged Home
PT-1051,9,2026-05-08 06:02:00,2026-05-08 06:23:00,5,2026-05-08 10:20:00,2026-05-08 14:28:00,Discharged Home
PT-1052,53,2026-05-08 08:38:00,2026-05-08 08:49:00,2,2026-05-08 08:59:00,2026-05-08 13:40:00,Discharged Home
PT-1053,2,2026-05-08 09:08:00,2026-05-08 09:31:00,4,,2026-05-08 10:29:00,LWBS
PT-1054,84,2026-05-08 17:27:00,2026-05-08 17:47:00,4,,2026-05-08 18:30:00,LWBS
PT-1055,60,2026-05-08 19:15:00,2026-05-08 19:46:00,4,2026-05-08 23:57:00,2026-05-09 03:05:00,Discharged Home
PT-1056,71,2026-05-08 19:34:00,2026-05-08 20:42:00,3,,2026-05-08 21:30:00,LWBS
PT-1057,44,2026-05-08 20:59:00,2026-05-08 22:01:00,4,2026-05-09 01:44:00,2026-05-09 02:51:00,Admitted
PT-1058,8,2026-05-09 00:52:00,2026-05-09 00:59:00,1,2026-05-09 01:08:00,2026-05-09 03:19:00,Discharged Home
PT-1059,47,2026-05-09 02:18:00,2026-05-09 02:37:00,2,2026-05-09 02:51:00,2026-05-09 05:27:00,Discharged Home
PT-1060,35,2026-05-09 04:23:00,2026-05-09 04:35:00,3,2026-05-09 05:38:00,2026-05-09 08:05:00,Admitted
PT-1061,78,2026-05-09 06:03:00,2026-05-09 06:21:00,4,2026-05-09 10:14:00,2026-05-09 14:46:00,Discharged Home
PT-1062,81,2026-05-09 09:57:00,2026-05-09 10:17:00,3,2026-05-09 11:04:00,2026-05-09 12:10:00,Discharged Home
PT-1063,36,2026-05-09 11:25:00,2026-05-09 11:48:00,4,,2026-05-09 12:53:00,LWBS
PT-1064,50,2026-05-09 13:00:00,2026-05-09 13:22:00,4,2026-05-09 14:53:00,2026-05-09 19:09:00,Admitted
PT-1065,4,2026-05-09 14:56:00,2026-05-09 15:10:00,3,2026-05-09 15:41:00,2026-05-09 18:39:00,Discharged Home
PT-1066,2,2026-05-09 16:13:00,2026-05-09 16:22:00,3,2026-05-09 17:28:00,2026-05-09 22:09:00,Discharged Home
PT-1067,6,2026-05-10 06:13:00,2026-05-10 06:29:00,3,2026-05-10 07:33:00,2026-05-10 09:58:00,Admitted
PT-1068,54,2026-05-10 09:18:00,2026-05-10 09:39:00,4,2026-05-10 13:08:00,2026-05-10 17:51:00,Discharged Home
PT-1069,4,2026-05-10 10:43:00,2026-05-10 11:06:00,3,2026-05-10 11:52:00,2026-05-10 13:31:00,Discharged Home
PT-1070,54,2026-05-10 18:16:00,2026-05-10 18:27:00,4,2026-05-10 20:18:00,2026-05-11 00:23:00,Transferred
PT-1071,63,2026-05-10 18:38:00,2026-05-10 18:44:00,5,,2026-05-10 19:31:00,LWBS
PT-1072,18,2026-05-10 21:20:00,2026-05-10 21:34:00,3,2026-05-10 22:39:00,2026-05-11 00:12:00,Discharged Home
PT-1073,44,2026-05-11 04:35:00,2026-05-11 04:45:00,3,2026-05-11 06:12:00,2026-05-11 09:08:00,Admitted
PT-1074,34,2026-05-11 11:09:00,2026-05-11 11:19:00,1,2026-05-11 11:23:00,2026-05-11 12:34:00,Discharged Home
PT-1075,74,2026-05-12 11:04:00,2026-05-12 11:15:00,4,2026-05-12 15:02:00,2026-05-12 19:41:00,Discharged Home
PT-1076,62,2026-05-12 12:31:00,2026-05-12 12:49:00,4,2026-05-12 15:22:00,2026-05-12 19:34:00,Transferred
PT-1077,14,2026-05-12 15:50:00,2026-05-12 15:58:00,2,2026-05-12 16:26:00,2026-05-12 19:54:00,Discharged Home
PT-1078,48,2026-05-12 16:37:00,2026-05-12 16:52:00,4,2026-05-12 20:14:00,2026-05-12 22:07:00,Discharged Home
PT-1079,15,2026-05-12 17:34:00,2026-05-12 17:53:00,3,2026-05-12 18:46:00,2026-05-12 20:54:00,Admitted
PT-1080,72,2026-05-12 18:21:00,2026-05-12 18:29:00,3,2026-05-12 19:45:00,2026-05-13 00:31:00,Discharged Home
PT-1081,78,2026-05-12 23:27:00,2026-05-12 23:48:00,4,,2026-05-13 00:26:00,LWBS
PT-1082,87,2026-05-13 00:21:00,2026-05-13 00:34:00,4,2026-05-13 02:43:00,2026-05-13 06:33:00,Discharged Home
PT-1083,62,2026-05-13 04:54:00,2026-05-13 05:05:00,3,2026-05-13 06:09:00,2026-05-13 10:57:00,Admitted
PT-1084,40,2026-05-13 10:28:00,2026-05-13 10:51:00,1,2026-05-13 10:58:00,2026-05-13 12:09:00,Discharged Home
PT-1085,85,2026-05-13 14:20:00,2026-05-13 14:36:00,3,2026-05-13 16:04:00,2026-05-13 20:12:00,Admitted
PT-1086,80,2026-05-13 17:27:00,2026-05-13 17:48:00,4,,2026-05-13 18:33:00,LWBS
PT-1087,82,2026-05-13 17:59:00,2026-05-13 18:11:00,4,2026-05-13 22:09:00,2026-05-14 02:36:00,Admitted
PT-1088,53,2026-05-13 18:53:00,2026-05-13 19:15:00,4,2026-05-13 22:13:00,2026-05-14 03:05:00,Discharged Home
PT-1089,24,2026-05-13 19:29:00,2026-05-13 19:48:00,5,2026-05-13 21:49:00,2026-05-14 01:19:00,Admitted
PT-1090,26,2026-05-14 01:10:00,2026-05-14 01:21:00,3,2026-05-14 02:04:00,2026-05-14 03:10:00,Discharged Home
PT-1091,89,2026-05-14 01:48:00,2026-05-14 02:08:00,3,2026-05-14 02:45:00,2026-05-14 07:19:00,Transferred
PT-1092,60,2026-05-14 12:26:00,2026-05-14 12:50:00,4,2026-05-14 16:45:00,2026-05-14 17:58:00,Discharged Home
PT-1093,41,2026-05-14 23:49:00,2026-05-14 23:56:00,3,2026-05-15 01:09:00,2026-05-15 03:46:00,Discharged Home
PT-1094,29,2026-05-15 00:04:00,2026-05-15 00:19:00,4,2026-05-15 03:36:00,2026-05-15 04:39:00,Admitted
PT-1095,15,2026-05-15 00:52:00,2026-05-15 01:09:00,4,2026-05-15 02:54:00,2026-05-15 07:07:00,Admitted
PT-1096,45,2026-05-15 02:54:00,2026-05-15 03:08:00,1,2026-05-15 03:11:00,2026-05-15 04:23:00,Discharged Home
PT-1097,65,2026-05-15 04:20:00,2026-05-15 04:27:00,3,2026-05-15 05:55:00,2026-05-15 07:23:00,Transferred
PT-1098,89,2026-05-15 15:52:00,2026-05-15 16:08:00,4,2026-05-15 17:53:00,2026-05-15 19:02:00,Transferred
PT-1099,71,2026-05-15 16:10:00,2026-05-15 16:21:00,2,2026-05-15 16:50:00,2026-05-15 21:31:00,Admitted
PT-1100,9,2026-05-15 21:22:00,2026-05-15 22:36:00,1,2026-05-15 23:32:00,2026-05-16 01:08:00,Admitted
PT-1101,88,2026-05-15 21:42:00,2026-05-15 22:12:00,1,2026-05-15 22:52:00,2026-05-16 00:40:00,Discharged Home
PT-1102,1,2026-05-15 22:54:00,2026-05-15 23:27:00,3,2026-05-16 01:04:00,2026-05-16 05:21:00,Discharged Home
PT-1103,8,2026-05-16 02:24:00,2026-05-16 02:42:00,5,2026-05-16 05:39:00,2026-05-16 09:11:00,Discharged Home
PT-1104,88,2026-05-16 03:17:00,2026-05-16 03:25:00,4,2026-05-16 05:53:00,2026-05-16 07:46:00,Admitted
PT-1105,63,2026-05-16 07:03:00,2026-05-16 07:20:00,4,,2026-05-16 08:23:00,LWBS
PT-1106,11,2026-05-16 07:37:00,2026-05-16 07:50:00,3,2026-05-16 09:08:00,2026-05-16 12:07:00,Transferred
PT-1107,81,2026-05-16 10:50:00,2026-05-16 10:59:00,3,2026-05-16 12:22:00,2026-05-16 16:18:00,Transferred
PT-1108,8,2026-05-16 10:53:00,2026-05-16 11:17:00,3,2026-05-16 12:44:00,2026-05-16 15:46:00,Discharged Home
PT-1109,35,2026-05-16 11:04:00,2026-05-16 11:26:00,3,2026-05-16 12:13:00,2026-05-16 16:48:00,Discharged Home
PT-1110,35,2026-05-16 12:45:00,2026-05-16 12:52:00,4,2026-05-16 14:34:00,2026-05-16 19:32:00,Discharged Home
PT-1111,33,2026-05-16 13:11:00,2026-05-16 13:19:00,1,2026-05-16 13:26:00,2026-05-16 14:36:00,Admitted
PT-1112,5,2026-05-16 15:02:00,2026-05-16 15:09:00,4,,2026-05-16 15:47:00,LWBS
PT-1113,41,2026-05-16 19:55:00,2026-05-16 20:01:00,1,2026-05-16 20:06:00,2026-05-17 00:32:00,Discharged Home
PT-1114,28,2026-05-16 19:59:00,2026-05-16 20:08:00,4,,2026-05-16 21:01:00,LWBS
PT-1115,7,2026-05-16 21:20:00,2026-05-16 21:30:00,3,2026-05-16 22:07:00,2026-05-17 02:02:00,Discharged Home
PT-1116,73,2026-05-16 22:05:00,2026-05-16 22:15:00,3,2026-05-16 23:21:00,2026-05-17 03:45:00,Discharged Home
PT-1117,72,2026-05-16 22:56:00,2026-05-16 23:13:00,4,,2026-05-17 00:27:00,LWBS
PT-1118,12,2026-05-16 23:15:00,2026-05-16 23:38:00,3,2026-05-17 01:05:00,2026-05-17 02:44:00,Discharged Home
PT-1119,34,2026-05-17 00:47:00,2026-05-17 01:04:00,4,2026-05-17 03:06:00,2026-05-17 06:53:00,Admitted
PT-1120,33,2026-05-17 01:00:00,2026-05-17 01:20:00,3,2026-05-17 02:30:00,2026-05-17 04:14:00,Discharged Home
PT-1121,48,2026-05-17 06:31:00,2026-05-17 06:45:00,4,2026-05-17 09:54:00,2026-05-17 11:00:00,Admitted
PT-1122,23,2026-05-17 11:27:00,2026-05-17 11:44:00,4,2026-05-17 14:11:00,2026-05-17 18:00:00,Admitted
PT-1123,62,2026-05-17 19:23:00,2026-05-17 19:38:00,2,2026-05-17 19:54:00,2026-05-17 22:33:00,Discharged Home
PT-1124,88,2026-05-17 20:13:00,2026-05-17 20:30:00,3,2026-05-17 21:28:00,2026-05-18 01:41:00,Discharged Home
PT-1125,37,2026-05-18 01:04:00,2026-05-18 01:22:00,3,2026-05-18 02:18:00,2026-05-18 03:34:00,Transferred
PT-1126,44,2026-05-18 01:17:00,2026-05-18 01:23:00,2,2026-05-18 01:45:00,2026-05-18 03:54:00,Admitted
PT-1127,86,2026-05-18 01:53:00,2026-05-18 02:04:00,3,2026-05-18 02:43:00,2026-05-18 07:28:00,Discharged Home
PT-1128,35,2026-05-18 09:30:00,2026-05-18 09:49:00,3,2026-05-18 10:48:00,2026-05-18 12:09:00,Admitted
PT-1129,65,2026-05-18 11:00:00,2026-05-18 11:08:00,5,,2026-05-18 11:54:00,LWBS
PT-1130,47,2026-05-18 14:11:00,2026-05-18 14:32:00,4,2026-05-18 18:19:00,2026-05-18 21:18:00,Discharged Home
PT-1131,78,2026-05-19 00:55:00,2026-05-19 01:17:00,1,2026-05-19 01:24:00,2026-05-19 02:52:00,Transferred
PT-1132,3,2026-05-19 01:51:00,2026-05-19 01:58:00,3,2026-05-19 03:19:00,2026-05-19 04:25:00,Admitted
PT-1133,1,2026-05-19 04:46:00,2026-05-19 04:51:00,2,2026-05-19 05:06:00,2026-05-19 08:45:00,Discharged Home
PT-1134,5,2026-05-19 06:37:00,2026-05-19 06:43:00,4,2026-05-19 08:41:00,2026-05-19 13:33:00,Discharged Home
PT-1135,14,2026-05-19 07:47:00,2026-05-19 08:02:00,2,2026-05-19 08:31:00,2026-05-19 12:25:00,Admitted
PT-1136,27,2026-05-19 11:08:00,2026-05-19 11:23:00,4,2026-05-19 13:19:00,2026-05-19 17:22:00,Transferred
PT-1137,9,2026-05-19 12:12:00,2026-05-19 12:31:00,3,2026-05-19 13:16:00,2026-05-19 15:39:00,Admitted
PT-1138,79,2026-05-19 16:04:00,2026-05-19 16:13:00,3,2026-05-19 16:45:00,2026-05-19 18:42:00,Discharged Home
PT-1139,15,2026-05-19 18:20:00,2026-05-19 18:39:00,4,2026-05-19 21:12:00,2026-05-19 22:29:00,Admitted
PT-1140,42,2026-05-19 22:14:00,2026-05-19 22:34:00,4,2026-05-20 00:30:00,2026-05-20 03:54:00,Discharged Home
PT-1141,77,2026-05-20 09:05:00,2026-05-20 09:17:00,2,2026-05-20 09:41:00,2026-05-20 11:30:00,Discharged Home
PT-1142,51,2026-05-20 09:57:00,2026-05-20 10:04:00,4,,2026-05-20 11:26:00,LWBS
PT-1143,63,2026-05-20 10:48:00,2026-05-20 10:55:00,5,2026-05-20 14:52:00,2026-05-20 19:17:00,Discharged Home
PT-1144,52,2026-05-20 12:27:00,2026-05-20 12:43:00,3,2026-05-20 13:32:00,2026-05-20 17:17:00,Discharged Home
PT-1145,4,2026-05-20 16:06:00,2026-05-20 16:12:00,3,2026-05-20 17:05:00,2026-05-20 19:08:00,Discharged Home
PT-1146,23,2026-05-20 18:57:00,2026-05-20 19:09:00,3,2026-05-20 19:59:00,2026-05-20 22:02:00,Discharged Home
PT-1147,15,2026-05-20 23:53:00,2026-05-21 00:12:00,3,2026-05-21 01:12:00,2026-05-21 02:22:00,Admitted
PT-1148,43,2026-05-21 00:15:00,2026-05-21 00:20:00,4,2026-05-21 03:31:00,2026-05-21 07:29:00,Admitted
PT-1149,29,2026-05-21 00:57:00,2026-05-21 01:18:00,2,2026-05-21 01:39:00,2026-05-21 05:18:00,Transferred
PT-1150,36,2026-05-21 01:12:00,2026-05-21 01:36:00,1,2026-05-21 01:38:00,2026-05-21 05:17:00,Discharged Home
PT-1151,13,2026-05-21 02:59:00,2026-05-21 03:04:00,5,2026-05-21 04:35:00,2026-05-21 09:27:00,Discharged Home
PT-1152,32,2026-05-21 03:09:00,2026-05-21 03:14:00,3,2026-05-21 03:56:00,2026-05-21 07:25:00,Discharged Home
PT-1153,71,2026-05-21 03:52:00,2026-05-21 04:02:00,3,2026-05-21 05:10:00,2026-05-21 08:11:00,Discharged Home
PT-1154,59,2026-05-21 05:57:00,2026-05-21 06:03:00,4,,2026-05-21 07:21:00,LWBS
PT-1155,86,2026-05-21 07:57:00,2026-05-21 08:04:00,5,,2026-05-21 08:39:00,LWBS
PT-1156,28,2026-05-21 21:58:00,2026-05-21 22:11:00,4,2026-05-22 01:34:00,2026-05-22 04:05:00,Admitted
PT-1157,66,2026-05-22 02:39:00,2026-05-22 02:58:00,4,,2026-05-22 03:47:00,LWBS
PT-1158,42,2026-05-22 02:58:00,2026-05-22 03:08:00,3,2026-05-22 04:35:00,2026-05-22 07:41:00,Admitted
PT-1159,45,2026-05-22 06:26:00,2026-05-22 06:39:00,4,2026-05-22 09:54:00,2026-05-22 11:05:00,Admitted
PT-1160,62,2026-05-22 11:04:00,2026-05-22 11:21:00,3,2026-05-22 12:15:00,2026-05-22 15:16:00,Admitted
PT-1161,57,2026-05-22 14:55:00,2026-05-22 15:13:00,3,2026-05-22 16:18:00,2026-05-22 20:58:00,Admitted
PT-1162,6,2026-05-22 15:38:00,2026-05-22 16:01:00,4,2026-05-22 18:14:00,2026-05-22 21:43:00,Admitted
PT-1163,28,2026-05-22 21:02:00,2026-05-22 22:12:00,3,,2026-05-22 23:32:00,LWBS
PT-1164,28,2026-05-22 22:02:00,2026-05-22 23:00:00,4,2026-05-23 02:32:00,2026-05-23 06:10:00,Admitted
PT-1165,44,2026-05-23 00:02:00,2026-05-23 00:26:00,3,2026-05-23 01:32:00,2026-05-23 04:19:00,Discharged Home
PT-1166,84,2026-05-23 01:48:00,2026-05-23 02:10:00,4,2026-05-23 05:15:00,2026-05-23 07:52:00,Discharged Home
PT-1167,30,2026-05-23 10:10:00,2026-05-23 10:16:00,3,2026-05-23 11:00:00,2026-05-23 12:05:00,Admitted
PT-1168,62,2026-05-23 12:22:00,2026-05-23 12:45:00,4,,2026-05-23 13:26:00,LWBS
PT-1169,75,2026-05-23 15:56:00,2026-05-23 16:18:00,3,2026-05-23 17:27:00,2026-05-23 22:11:00,Admitted
PT-1170,89,2026-05-23 21:45:00,2026-05-23 21:57:00,2,2026-05-23 22:10:00,2026-05-24 00:36:00,Admitted
PT-1171,62,2026-05-23 21:50:00,2026-05-23 22:08:00,4,2026-05-24 00:55:00,2026-05-24 04:40:00,Discharged Home
PT-1172,1,2026-05-24 00:23:00,2026-05-24 00:42:00,3,2026-05-24 01:25:00,2026-05-24 06:01:00,Discharged Home
PT-1173,27,2026-05-24 00:37:00,2026-05-24 00:48:00,4,2026-05-24 03:27:00,2026-05-24 04:54:00,Discharged Home
PT-1174,62,2026-05-24 00:53:00,2026-05-24 01:02:00,3,2026-05-24 01:36:00,2026-05-24 05:23:00,Discharged Home
PT-1175,77,2026-05-24 03:24:00,2026-05-24 03:32:00,3,2026-05-24 04:46:00,2026-05-24 06:16:00,Discharged Home
PT-1176,3,2026-05-24 14:59:00,2026-05-24 15:06:00,3,2026-05-24 16:29:00,2026-05-24 20:50:00,Discharged Home
PT-1177,70,2026-05-24 16:09:00,2026-05-24 16:25:00,3,2026-05-24 17:24:00,2026-05-24 20:36:00,Discharged Home
PT-1178,72,2026-05-24 17:58:00,2026-05-24 18:13:00,3,2026-05-24 18:54:00,2026-05-24 20:57:00,Admitted
PT-1179,27,2026-05-24 18:27:00,2026-05-24 18:42:00,3,2026-05-24 19:48:00,2026-05-25 00:11:00,Discharged Home
PT-1180,9,2026-05-24 22:31:00,2026-05-24 22:52:00,3,2026-05-25 00:17:00,2026-05-25 03:52:00,Admitted
PT-1181,62,2026-05-25 01:09:00,2026-05-25 01:19:00,4,2026-05-25 04:36:00,2026-05-25 06:53:00,Discharged Home
PT-1182,37,2026-05-25 02:31:00,2026-05-25 02:40:00,2,2026-05-25 03:09:00,2026-05-25 04:09:00,Discharged Home
PT-1183,51,2026-05-25 02:40:00,2026-05-25 02:50:00,2,2026-05-25 03:04:00,2026-05-25 05:12:00,Admitted
PT-1184,44,2026-05-25 05:32:00,2026-05-25 05:55:00,2,2026-05-25 06:18:00,2026-05-25 07:37:00,Discharged Home
PT-1185,24,2026-05-25 07:44:00,2026-05-25 07:59:00,5,2026-05-25 11:34:00,2026-05-25 15:38:00,Discharged Home
PT-1186,79,2026-05-25 12:03:00,2026-05-25 12:22:00,3,2026-05-25 13:34:00,2026-05-25 17:25:00,Discharged Home
PT-1187,59,2026-05-25 17:46:00,2026-05-25 18:03:00,3,2026-05-25 19:24:00,2026-05-26 00:17:00,Admitted
PT-1188,32,2026-05-25 19:58:00,2026-05-25 20:10:00,4,,2026-05-25 20:47:00,LWBS
PT-1189,88,2026-05-25 21:12:00,2026-05-25 21:22:00,2,2026-05-25 21:36:00,2026-05-26 01:30:00,Transferred
PT-1190,52,2026-05-25 21:57:00,2026-05-25 22:12:00,4,,2026-05-25 23:07:00,LWBS
PT-1191,62,2026-05-25 23:12:00,2026-05-25 23:24:00,4,,2026-05-26 00:01:00,LWBS
PT-1192,58,2026-05-26 00:46:00,2026-05-26 00:54:00,4,2026-05-26 02:56:00,2026-05-26 06:17:00,Admitted
PT-1193,52,2026-05-26 01:53:00,2026-05-26 02:02:00,3,2026-05-26 03:12:00,2026-05-26 07:51:00,Discharged Home
PT-1194,12,2026-05-26 02:49:00,2026-05-26 02:59:00,2,2026-05-26 03:17:00,2026-05-26 05:45:00,Admitted
PT-1195,39,2026-05-26 07:28:00,2026-05-26 07:41:00,4,,2026-05-26 08:21:00,LWBS
PT-1196,2,2026-05-26 09:25:00,2026-05-26 09:35:00,4,2026-05-26 13:16:00,2026-05-26 15:37:00,Admitted
PT-1197,3,2026-05-26 09:53:00,2026-05-26 10:16:00,4,2026-05-26 13:34:00,2026-05-26 15:27:00,Discharged Home
PT-1198,56,2026-05-26 15:20:00,2026-05-26 15:39:00,4,2026-05-26 18:13:00,2026-05-26 21:41:00,Discharged Home
PT-1199,81,2026-05-26 16:39:00,2026-05-26 16:44:00,3,2026-05-26 18:02:00,2026-05-26 19:36:00,Discharged Home
PT-1200,59,2026-05-26 20:49:00,2026-05-26 21:04:00,3,2026-05-26 22:08:00,2026-05-27 02:33:00,Discharged Home
PT-1201,2,2026-05-26 21:48:00,2026-05-26 22:06:00,4,2026-05-26 23:44:00,2026-05-27 01:09:00,Discharged Home
PT-1202,2,2026-05-26 22:25:00,2026-05-26 22:31:00,5,2026-05-27 01:57:00,2026-05-27 05:09:00,Discharged Home
PT-1203,54,2026-05-27 16:12:00,2026-05-27 16:21:00,3,2026-05-27 17:05:00,2026-05-27 18:19:00,Discharged Home
PT-1204,87,2026-05-27 18:48:00,2026-05-27 18:58:00,3,2026-05-27 20:13:00,2026-05-27 23:15:00,Admitted
PT-1205,1,2026-05-28 00:32:00,2026-05-28 00:47:00,3,2026-05-28 02:11:00,2026-05-28 05:07:00,Admitted
PT-1206,19,2026-05-28 01:01:00,2026-05-28 01:09:00,4,,2026-05-28 01:59:00,LWBS
PT-1207,2,2026-05-28 01:37:00,2026-05-28 02:00:00,3,2026-05-28 03:03:00,2026-05-28 07:18:00,Discharged Home
PT-1208,53,2026-05-28 03:25:00,2026-05-28 03:49:00,3,2026-05-28 05:04:00,2026-05-28 10:02:00,Discharged Home
PT-1209,44,2026-05-28 04:32:00,2026-05-28 04:44:00,3,2026-05-28 05:29:00,2026-05-28 09:06:00,Discharged Home
PT-1210,32,2026-05-28 04:40:00,2026-05-28 05:01:00,4,2026-05-28 07:47:00,2026-05-28 12:09:00,Discharged Home
PT-1211,70,2026-05-28 06:56:00,2026-05-28 07:12:00,2,2026-05-28 07:31:00,2026-05-28 11:09:00,Admitted
PT-1212,32,2026-05-28 15:18:00,2026-05-28 15:39:00,4,2026-05-28 17:50:00,2026-05-28 20:47:00,Discharged Home
PT-1213,68,2026-05-28 16:04:00,2026-05-28 16:09:00,4,2026-05-28 19:38:00,2026-05-28 22:58:00,Discharged Home
PT-1214,55,2026-05-28 16:24:00,2026-05-28 16:37:00,4,,2026-05-28 17:16:00,LWBS
PT-1215,75,2026-05-28 19:23:00,2026-05-28 19:37:00,2,2026-05-28 19:54:00,2026-05-28 21:42:00,Admitted
PT-1216,56,2026-05-29 03:09:00,2026-05-29 03:18:00,3,2026-05-29 03:51:00,2026-05-29 05:09:00,Discharged Home
PT-1217,17,2026-05-29 04:37:00,2026-05-29 04:48:00,4,,2026-05-29 05:53:00,LWBS
PT-1218,38,2026-05-29 06:04:00,2026-05-29 06:26:00,2,2026-05-29 06:40:00,2026-05-29 11:26:00,Discharged Home
PT-1219,24,2026-05-29 09:54:00,2026-05-29 09:59:00,4,2026-05-29 13:27:00,2026-05-29 15:03:00,Discharged Home
PT-1220,69,2026-05-29 12:11:00,2026-05-29 12:22:00,4,2026-05-29 14:02:00,2026-05-29 16:19:00,Discharged Home
PT-1221,70,2026-05-29 13:27:00,2026-05-29 13:33:00,4,,2026-05-29 14:23:00,LWBS
PT-1222,86,2026-05-29 16:25:00,2026-05-29 16:39:00,4,2026-05-29 20:06:00,2026-05-30 00:28:00,Admitted
PT-1223,11,2026-05-29 16:45:00,2026-05-29 17:03:00,5,2026-05-29 18:51:00,2026-05-29 20:22:00,Discharged Home
PT-1224,16,2026-05-29 17:45:00,2026-05-29 18:03:00,3,2026-05-29 19:08:00,2026-05-29 21:44:00,Discharged Home
PT-1225,73,2026-05-29 18:42:00,2026-05-29 18:55:00,3,2026-05-29 19:32:00,2026-05-29 21:41:00,Discharged Home
PT-1226,59,2026-05-29 18:49:00,2026-05-29 18:57:00,3,2026-05-29 19:39:00,2026-05-29 22:48:00,Discharged Home
PT-1227,70,2026-05-30 00:27:00,2026-05-30 00:43:00,4,2026-05-30 02:39:00,2026-05-30 06:58:00,Discharged Home
PT-1228,80,2026-05-30 01:50:00,2026-05-30 02:06:00,4,2026-05-30 05:40:00,2026-05-30 08:49:00,Discharged Home
PT-1229,3,2026-05-30 02:44:00,2026-05-30 02:50:00,5,2026-05-30 06:01:00,2026-05-30 07:30:00,Admitted
PT-1230,20,2026-05-30 04:22:00,2026-05-30 04:38:00,3,2026-05-30 06:05:00,2026-05-30 08:21:00,Transferred
PT-1231,59,2026-05-30 05:37:00,2026-05-30 05:56:00,4,2026-05-30 08:20:00,2026-05-30 11:20:00,Discharged Home
PT-1232,36,2026-05-30 09:34:00,2026-05-30 09:50:00,4,,2026-05-30 10:27:00,LWBS
PT-1233,19,2026-05-30 10:42:00,2026-05-30 11:02:00,4,,2026-05-30 11:59:00,LWBS
PT-1234,67,2026-05-30 10:47:00,2026-05-30 10:56:00,5,2026-05-30 14:09:00,2026-05-30 15:38:00,Discharged Home
PT-1235,19,2026-05-30 13:51:00,2026-05-30 14:01:00,3,2026-05-30 14:52:00,2026-05-30 19:42:00,Discharged Home
PT-1236,20,2026-05-30 13:52:00,2026-05-30 14:12:00,4,,2026-05-30 14:55:00,LWBS
PT-1237,71,2026-05-30 14:26:00,2026-05-30 14:48:00,2,2026-05-30 15:10:00,2026-05-30 17:34:00,Discharged Home
PT-1238,52,2026-05-30 16:47:00,2026-05-30 17:00:00,3,2026-05-30 17:30:00,2026-05-30 21:29:00,Discharged Home
PT-1239,33,2026-05-30 16:48:00,2026-05-30 16:56:00,3,2026-05-30 17:43:00,2026-05-30 21:25:00,Discharged Home
PT-1240,40,2026-05-30 19:27:00,2026-05-30 19:46:00,4,2026-05-30 22:41:00,2026-05-30 23:52:00,Discharged Home
PT-1241,39,2026-05-30 19:47:00,2026-05-30 20:01:00,5,2026-05-30 22:52:00,2026-05-31 03:45:00,Discharged Home
PT-1242,82,2026-05-30 22:41:00,2026-05-30 22:51:00,4,2026-05-31 01:27:00,2026-05-31 03:39:00,Discharged Home
PT-1243,1,2026-05-31 04:34:00,2026-05-31 04:41:00,3,2026-05-31 05:12:00,2026-05-31 08:54:00,Discharged Home
PT-1244,11,2026-05-31 04:37:00,2026-05-31 05:01:00,3,2026-05-31 05:48:00,2026-05-31 07:12:00,Discharged Home
PT-1245,57,2026-05-31 07:38:00,2026-05-31 07:43:00,3,2026-05-31 08:48:00,2026-05-31 10:52:00,Discharged Home
PT-1246,89,2026-05-31 08:11:00,2026-05-31 08:29:00,4,,2026-05-31 09:33:00,LWBS
PT-1247,50,2026-05-31 13:01:00,2026-05-31 13:18:00,3,2026-05-31 14:40:00,2026-05-31 18:08:00,Discharged Home
PT-1248,23,2026-05-31 14:22:00,2026-05-31 14:41:00,1,2026-05-31 14:46:00,2026-05-31 15:57:00,Discharged Home
PT-1249,31,2026-05-31 18:43:00,2026-05-31 19:00:00,5,2026-05-31 21:00:00,2026-05-31 22:59:00,Discharged Home